assumed_quantum_runtime,assumed_classical_runtime,meaningful_domain_max,name,speedup_coarse,description,meaningful_domain,meaningful_domain_min
O(n**3),2**( O(n**(1/3))),150000,Factoring,Superpolynomial,"Given an <i>n</i>-bit integer, find the prime\nfactorization. The quantum algorithm of Peter Shor solves this in\n\\( \\widetilde{O} (n^3) \\) time\n[<a href=""#Shor_factoring"">82</a>,<a href=""#Shor_factoring94"">125</a>]. \nThe fastest known classical algorithm for integer factorization is the\ngeneral number field sieve, which is believed to run in time \\(\n2^{\\widetilde{O}(n^{1/3})} \\). The best rigorously proven upper bound\non the classical complexity of factoring is \\( O(2^{n/4+o(1)}) \\) via the Pollard-Strassen algorithm \n[<a href=""#Pol"">252</a>, <a href=""#Stras"">362</a>]. Shor\'s\nfactoring algorithm breaks RSA public-key encryption and the\nclosely related quantum algorithms for discrete logarithms break the DSA\nand ECDSA digital signature schemes and the Diffie-Hellman\nkey-exchange protocol. A quantum algorithm even faster than Shor\'s for\nthe special case of factoring &ldquo;semiprimes&rdquo;, which are\nwidely used in cryptography, is given in [<a href=""#GLFB15"">271</a>]. \nIf small factors exist, Shor\'s algorithm can be beaten by a quantum \nalgorithm using Grover search to speed up the elliptic curve factorization \nmethod [<a href=""#PQRSA"">366</a>]. Additional optimized versions of Shor\'s algorithm are given in [<a href=""#EH17"">384</a>, <a href=""#BBM17"">386</a>]. There are proposed classical public-key \ncryptosystems not believed to be broken by quantum algorithms, <i>cf.</i> \n[<a href=""#BBD09"">248</a>]. At the core of Shor\'s factoring algorithm is \norder finding, which can be reduced to the <a href=""#abelian_HSP"">Abelian hidden subgroup problem</a>, \nwhich is solved using the quantum Fourier transform. A number of other \nproblems are known to reduce  to integer factorization including the \nmembership problem for matrix groups over fields of odd order \n[<a href=""#BBS09"">253</a>], and certain diophantine problems relevant to \nthe synthesis of quantum circuits [<a href=""#RS12"">254</a>].\n","[100000, 150000]",100000
,,,Discrete-log,Superpolynomial,"We are given three <i>n</i>-bit\nnumbers <i>a</i>, <i>b</i>, and <i>N</i>, with the promise that \n\\( b = a^s \\mod N \\) for some <i>s</i>. The task is to find <i>s</i>.\nAs shown by Shor [<a href=""#Shor_factoring"">82</a>], this can be achieved\non a quantum computer in poly(<i>n</i>) time. The fastest known\nclassical algorithm requires time superpolynomial in <i>n</i>. By similar\ntechniques to those in [<a href=""#Shor_factoring"">82</a>], quantum computers\ncan solve the discrete logarithm problem on elliptic curves, thereby breaking\nelliptic curve cryptography [<a href=""#Zalka_ellip"">109</a>, <a href=""#BL95"">14</a>]. A further optimization to Shor\'s algorithm is given in [<a href=""#E17"">385</a>]. The superpolynomial quantum speedup has also been extended to the discrete\nlogarithm problem on semigroups [<a href=""#Childs_Ivanyos"">203</a>,\n<a href=""#Banin_Tsaban"">204</a>]. See also <a href=""#abelian_HSP"">Abelian hidden subgroup</a>.\n",,
,,,Pell\'s Equation,Superpolynomial,"Given a positive nonsquare integer <i>d</i>,\nPell\'s equation is \\( x^2 - d y^2 = 1 \\). For any such <i>d</i>\nthere are infinitely many pairs of integers (<i>x,y</i>)\nsolving this equation. Let \\( (x_1,y_1) \\) be the pair that minimizes \n\\( x+y\\sqrt{d} \\). If <i>d</i> is an <i>n</i>-bit integer\n(<i>i.e.</i> \\( 0 \\leq d \\lt 2^n \\) ), \\( (x_1,y_1) \\)\n may in general require exponentially many bits to write down. Thus it\n is in general impossible to find \\( (x_1,y_1) \\) in polynomial time. \n Let \\( R = \\log(x_1+y_1 \\sqrt{d}) \\). \\( \\lfloor R \\rceil \\)\n uniquely identifies \\( (x_1,y_1) \\). As shown by Hallgren \n[<a href=""#Hallgren_Pell"">49</a>], given a <i>n</i>-bit number \n<i>d</i>, a quantum computer can find \\( \\lfloor R \\rceil \\)\n in poly(<i>n</i>) time. No polynomial time classical algorithm for\n this problem is known. Factoring reduces to this problem. This\n algorithm breaks the Buchman-Williams cryptosystem. See also <a href=""#abelian_HSP"">Abelian\n hidden subgroup</a>.\n",,
,,,Principal Ideal,Superpolynomial,"We are given an <i>n</i>-bit integer <i>d</i> and an\n invertible ideal <i>I</i>  of the ring \\( \\mathbb{Z}[\\sqrt{d}] \\). \n <i>I</i> is a principal ideal if there exists \\( \\alpha \\in \\mathbb{Q}(\\sqrt{d}) \\)\n such that \\( I = \\alpha \\mathbb{Z}[\\sqrt{d}] \\). \\( \\alpha \\) may be exponentially\n large in <i>d</i>. Therefore \\( \\alpha \\) cannot in general even be written down\n in polynomial time. However, \\( \\lfloor \\log \\alpha \\rceil \\)\n uniquely identifies \\( \\alpha \\). The task is to determine whether <i>I</i>\n is principal and if so find \\( \\lfloor \\log \\alpha \\rceil \\).\n As shown by Hallgren, this can be done in polynomial time on a quantum computer\n [<a href=""#Hallgren_Pell"">49</a>]. A modified quantum algorithm for this problem\n using fewer qubits was given in [<a href=""#Schmidt_PIP"">131</a>]. A quantum\n algorithm solving the principal ideal problem in number fields of arbitrary degree\n (<i>i.e.</i> scaling polynomially in the degree) was subsequently given in \n [<a href=""#Biasse_Song16"">329</a>]. Factoring reduces to solving Pell\'s equation,\n which reduces to the principal ideal problem. Thus the principal ideal problem\n is at least as hard as factoring  and therefore is probably not in P. See also\n <a href=""#abelian_HSP"">Abelian hidden subgroup</a>.\n",,
,,,Unit Group,Superpolynomial,"The number field \\( \\mathbb{Q}(\\theta) \\)\n is said to be of degree <i>d</i> if the lowest degree polynomial of which \n \\( \\theta \\) is a root has degree <i>d</i>. The set \\( \\mathcal{O} \\)\n of elements of \\( \\mathbb{Q}(\\theta) \\) which are roots of monic polynomials in\n \\( \\mathbb{Z}[x] \\) forms a ring, called the ring of integers of \n \\( \\mathbb{Q}(\\theta) \\). The set of units (invertible elements) of the ring \n \\( \\mathcal{O} \\) form a group denoted \\( \\mathcal{O}^* \\). As shown by\n Hallgren [<a href=""#Hallgren_unit"">50</a>], and independently by Schmidt and \n Vollmer [<a href=""#Schmidt"">116</a>], for any \\( \\mathbb{Q}(\\theta) \\)\n of fixed degree, a quantum computer can find in polynomial time a set\n of generators for \\( \\mathcal{O}^* \\) given a description of \\( \\theta \\).\n No polynomial time classical algorithm for this problem is known. Hallgren\n and collaborators subsequently discovered how to achieve polynomial scaling\n in the degree [<a href=""#EHKS14"">213</a>]. See also [<a href=""#Biasse_Song16"">329</a>].\n The algorithms rely on solving Abelian hidden subgroup problems over the additive\n group of real numbers.\n",,
,,,Class Group,Superpolynomial,"\n The number field \\( \\mathbb{Q}(\\theta) \\)\n is said to be of degree <i>d</i> if the lowest degree polynomial of which \n \\( \\theta \\) is a root has degree <i>d</i>. The set \\( \\mathcal{O} \\)\n of elements of \\( \\mathbb{Q}(\\theta) \\) which are roots of monic polynomials in\n \\( \\mathbb{Z}[x] \\) forms a ring, called the ring of integers of \n \\( \\mathbb{Q}(\\theta) \\).\n For a ring, the ideals modulo the prime ideals form a group called the class group. \n As shown by Hallgren [<a href=""#Hallgren_unit"">50</a>], a quantum computer can find in\n a set of generators for the class group of the ring of\n integers of any constant degree number field, given a description of \\( \\theta \\) in time\n poly(log(\\( | \\mathcal{O} | \\))). An improved quantum algorithm, whose runtime is also\n polynomial in <i>d</i> was subsequently given in [<a href=""#Biasse_Song16"">329</a>].\n No polynomial time classical algorithm for these problems are known. See also <a href=""#abelian_HSP"">Abelian\n hidden subgroup</a>. \n",,
,,,Gauss Sums,Superpolynomial,"Let \\( \\mathbb{F}_q \\) be a finite field. The elements other\n than zero of \\( \\mathbb{F}_q \\) form a group \\( \\mathbb{F}_q^\\times \\) under\n multiplication, and the elements of \\( \\mathbb{F}_q \\) form an (Abelian but \n not necessarily cyclic) group \\( \\mathbb{F}_q^+ \\) under addition. We can choose \n some character \\(  \\chi^\\times \\) of \\( \\mathbb{F}_q^\\times \\) and some \n character \\( \\chi^+ \\) of \\( \\mathbb{F}_q^+ \\). The corresponding Gauss sum\n is the inner product of these characters: \n \\( \\sum_{x \\neq 0 \\in \\mathbb{F}_q} \\chi^+(x) \\chi^\\times(x) \\)\n As shown by van Dam and Seroussi [<a href=""#vanDam_Gauss"">90</a>], Gauss sums\n can be estimated to polynomial precision on a quantum computer in polynomial\n time. Although a finite ring does not form a group under\n multiplication, its set of units does. Choosing a representation for\n the additive group of the ring, and choosing a representation for the\n multiplicative group of its units, one can obtain a Gauss sum over\n the units of a finite ring. These can also be estimated to polynomial\n precision on a quantum computer in polynomial \n time [<a href=""#vanDam_Gauss"">90</a>]. No polynomial time\n classical algorithm for estimating Gauss sums is known. Discrete log\n reduces to Gauss sum estimation [<a href=""#vanDam_Gauss"">90</a>]. Certain partition\n functions of  the Potts model can be computed by a polynomial-time quantum  algorithm\n related to Gauss sum estimation [<a href=""#Geraci_exact"">47</a>].\n",,
O(n**(3/8)),O(n**(9/8)),,Solving Exponential Congruences,Polynomial,"\n We are given \\( a,b,c,f,g \\in \\mathbb{F}_q \\). We must find integers \\(x,y\\)\n such that \\( a f^x + b g^y = c \\). As shown in [<a href=""#VDS08"">111</a>],\n quantum computers can solve this problem in \\( \\widetilde{O}(q^{3/8}) \\) time whereas the best\n classical algorithm requires \\( \\widetilde{O}(q^{9/8}) \\) time. The quantum algorithm of \n [<a href=""#VDS08"">111</a>] is based on the quantum algorithms for discrete logarithms \n and searching.\n",,
,,,Matrix Elements of Group Representations,Superpolynomial,"All representations of finite groups and compact linear\ngroups can be expressed as unitary matrices given an appropriate choice of\nbasis. Conjugating the regular representation of a group by the\nquantum Fourier transform circuit over that group yields a direct sum\nof the group\'s irreducible representations. Thus, the efficient\nquantum Fourier transform over the symmetric\ngroup [<a href=""#Beals_general"">196</a>], together with the Hadamard\ntest, yields a fast quantum algorithm for additively approximating\nindividual matrix elements of the arbitrary irreducible \nrepresentations of \\( S_n \\). Similarly, using the quantum Schur\ntransform [<a href=""#Schur"">197</a>], one can efficiently approximate matrix elements of\nthe irreducible representations of SU(n) that have polynomial weight.\nDirect implementations of individual irreducible representations for\nthe groups U(n), SU(n), SO(n), and \\( A_n \\) by efficient quantum\ncircuits are given in [<a href=""#SPJ08"">106</a>]. Instances that appear\nto be exponentially hard for known classical algorithms are also\nidentified in [<a href=""#SPJ08"">106</a>].",,
O(n**(5/3)),O(n**(2.373)),,Verifying Matrix Products,Polynomial,"Given three \\( n \\times n \\) matrices, <i>A,B</i>, and <i>C</i>,\n the matrix product verification problem is to decide whether <i>AB=C</i>.\n Classically, the best known algorithm achieves this in time \\( O(n^2) \\),\n whereas the best known classical algorithm for matrix multiplication runs in time \n \\( O(n^{2.373}) \\). Ambainis <i>et al.</i> discovered a quantum algorithm for this\n problem with runtime \\( O(n^{7/4}) \\) [<a href=""#Ambainis_matrix"">6</a>]. Subsequently,\n Buhrman and &#352;palek improved upon this, obtaining a quantum algorithm for this\n problem with runtime \\( O(n^{5/3}) \\) [<a  href=""#Buhrman_matrix"">19</a>]. This latter \n algorithm is based on results regarding quantum walks that were proven in \n [<a href=""#Szegedy"">85</a>]. \n",,
2**(0.241n),2**(0.291n),,Subset-sum,Polynomial,"Given a list of integers \\( x_1,\\ldots,x_n \\), and\na target integer <i>s</i>, the subset-sum problem is to determine\nwhether the sum of any subset of the given integers adds up\nto <i>s</i>. This problem is NP-complete, and therefore is unlikely to\nbe solvable by classical or quantum algorithms with polynomial\nworst-case complexity. In the hard instances the given integers\nare of order \\( 2^n \\). In [<a href=""#BJLM13"">178</a>], a quantum\nalgorithm is given that solves this problem in time \\( 2^{0.241n} \\),\nup to polynomial factors. This quantum algorithm works by applying a\nvariant of Ambainis\'s quantum walk algorithm for element-distinctness\n[<a href=""#Ambainis_distinctness"">7</a>]to speed up a sophisticated\nclassical algorithm for this problem due to Howgrave-Graham and\nJoux. The fastest known classical algorithm for subset-sum runs in time\n\\( 2^{0.291n} \\), up to polynomial factors.",,
,,,Decoding,Varies,"Classical error correcting codes allow the\ndetection and correction of bit-flips by storing data\nreduntantly. Maximum-likelihood decoding for arbitrary linear codes is\nNP-complete in the worst case, but for structured codes or bounded\nerror efficient decoding algorithms are known. Quantum algorithms have\nbeen formulated to speed up the decoding of convolutional codes\n[<a href=""#GM14"">238</a>] and simplex codes\n[<a href=""#BZ98"">239</a>].",,
,,,Constraint Satisfaction,Polynomial,"Constraint satisfaction problems, many of which\nare NP-hard, are ubiquitous in computer science, a canonical example\nbeing 3-SAT. If one wishes to satisfy as many constraints as possible\nrather than all of them, these become combinatorial optimization\nproblems. (See also <a href=""#adiabiatic"">adiabatic algorithms</a>.) The brute force\nsolution to constraint satisfaction problems can be quadratically sped\nup using Grover\'s algorithm. However, most constaint satisfaction\nproblems are solvable by classical algorithms that (although still\nexponential-time) run more than quadratically faster than brute force\nchecking of all possible solutions. Nevertheless, a polynomial quantum\nspeedup over the fastest known classical algorithm for 3-SAT is given\nin [<a href=""#Ambainis_SIGACT"">133</a>], and polynomial quantum\nspeedups for some other constraint satisfaction problems are given in\n[<a href=""#CGF"">134</a>, <a href=""#MGAG15"">298</a>]. A commonly used classical algorithm for\nconstraint satisfaction is backtracking, and for some problems this\nalgorithm is the fastest known. A general quantum speedup for\nbacktracking algorithms is given in [<a href=""#M15a"">264</a>].",,
,,,Quantum Cryptanalysis,Various,"It is well-known that Shor\'s algorithms for\nfactoring and discrete logarithms\n[<a href=""#Shor_factoring"">82</a>,<a href=""#Shor_factoring94"">125</a>]\ncompletely break the RSA and Diffie-Hellman cryptosystems, as well as\ntheir elliptic-curve-based variants [<a href=""#Zalka_ellip"">109</a>, <a href=""#BL95"">14</a>]. \n(A number of ""post-quantum"" public-key cryptosystems have been proposed to replace these\nprimitives, which are not known to be broken by quantum attacks.)\nBeyond Shor\'s algorithm, there is a growing body of work on quantum\nalgorithms specifically designed to attack cryptosystems. These\ngenerally fall into three categories. The first is quantum algorithms\nproviding polynomial or sub-exponential time attacks on cryptosystems\nunder standard assumptions. In particular, the algorithm of Childs,\nJao, and Soukharev for finding isogenies of elliptic curves breaks\ncertain elliptic curve based cryptosystems in subexponential time\nthat were not already broken by Shor\'s algorithm\n[<a href=""#CJS14"">283</a>]. The second category is quantum algorithms\nachieving polynomial improvement over known classical cryptanalytic\nattacks by speeding up parts of these classical algorithms using\nGrover search, quantum collision finding, etc. Such attacks \non private-key [<a href=""#GLRS15"">284</a>, <a href=""#AMGMPS16"">285</a>, <a href=""#K14"">288</a>, <a href=""#BHT98b"">315</a>, <a href=""#B09"">316</a>] \nand public-key [<a href=""#LMP13"">262</a>, <a href=""#F15"">287</a>] primitives, do not\npreclude the use of the associated cryptosystems but may influence\nchoice of key size. The third category is attacks that make use of quantum \nsuperposition queries to block ciphers. These attacks in many cases completely\nbreak the cryptographic primitives [<a href=""#KLLNP16"">286</a>, <a href=""#KM10"">289</a>, \n<a href=""#KM12"">290</a>, <a href=""#RS13"">291</a>, <a href=""#SS16"">292</a>].\nHowever, in most practical situations such superposition queries are \nunlikely to be feasible.\n\n\n<hr />\n\n<a name=""oracular""></a>\n<h2>Oracular Algorithms</h2>\n\",,
O( sqrt(N)),O(N),,Searching,Polynomial,"We are given an oracle with <i>N</i>\n allowed inputs. For one input <i>w</i> (""the winner"") the corresponding output is\n 1, and for all other inputs the corresponding output is 0. The task is to find \n <i>w</i>. On a classical computer this requires \\(  \\Omega(N) \\)\n queries. The quantum algorithm of Lov Grover achieves this using\n \\( O(\\sqrt{N}) \\) queries [<a href=""#Grover_search"">48</a>], which is\n optimal [<a href=""#BBBV"">216</a>]. This has algorithm has\n subsequently been generalized to search in the presence of multiple\n ""winners"" [<a href=""#BBHT98"">15</a>], evaluate the sum of an arbitrary\n function [<a href=""#BBHT98"">15</a>,<a href=""#BHT98"">16</a>,<a href=""#Mos98"">73</a>],\n find the global minimum of an arbitrary function \n [<a href=""#DH96"">35</a>,<a href=""#NW99"">75</a>, <a href=""#KLPF08"">255</a>], take advantage of alternative\n initial states [<a href=""#Biham"">100</a>] or nonuniform probabilistic priors\n [<a href=""#Montanaro"">123</a>], work with oracles whose runtime varies \n between inputs [<a href=""#Ambainis_linear"">138</a>], approximate \n definite integrals [<a href=""#integration"">77</a>], and converge to a\n fixed-point\n [<a href=""#G05"">208</a>, <a href=""#TGP05"">209</a>]. The\n generalization of Grover\'s algorithm known as amplitude estimation\n [<a href=""#Amplitude"">17</a>]\n is now an important primitive in quantum algorithms. Amplitude estimation forms the\n core of most known quantum algorithms related to collision finding and graph \n properties. One of the natural applications for Grover search is speeding up the \n solution to NP-complete problems such as 3-SAT. Doing so is nontrivial, because \n the best classical algorithm for 3-SAT is not quite a brute force search. Nevertheless,\n amplitude amplification enables a quadratic quantum speedup over the best\n classical 3-SAT algorithm, as shown in [<a href=""#Ambainis_SIGACT"">133</a>]. Quadratic\n speedups for other constraint satisfaction problems are obtained in \n [<a href=""#CGF"">134</a>]. For further examples of application of\n Grover search and amplitude amplification see\n [<a href=""#C14"">261</a>, <a href=""#LMP13"">262</a>]. A problem closely\n related to, but harder than, Grover search, is spatial search, in\n which database queries are limited by some graph structure. On\n sufficiently well-connected graphs, \\(O(\\sqrt{n})\\) quantum query\n complexity is still achievable [<a href=""#CG04"">274</a>,<a href=""#CNAO15"">275</a>,<a href=""#Wong16"">303</a>,\n<a href=""#JMW14"">304</a>, <a href=""#MW14"">305</a>, <a href=""#Wong15"">306</a>, <a href=""#HK16"">330</a>].\n",,
O( log abs( n )),O(abs(n)),,Abelian Hidden Subgroup,Superpolynomial,"Let <i>G</i> be a finitely generated Abelian group, and let\n <i>H</i> be some subgroup of <i>G</i> such that <i>G/H</i> is finite. Let <i>f</i>\n be a function on <i>G</i> such that for any \\( g_1,g_2 \\in G \\), \\( f(g_1) = f(g_2) \\)\n if and only if \\( g_1 \\) and \\( g_2 \\) are in the same coset of <i>H</i>. The task is\n to find <i>H</i> (<i>i.e.</i> find a set of generators for <i>H</i>) by making queries\n to <i>f</i>. This is solvable on a quantum computer using \\( O(\\log \\vert G\\vert) \\)\n queries, whereas classically \\( \\Omega(|G|) \\) are required. This algorithm was first\n formulated in full generality by Boneh and Lipton in [<a href=""#BL95"">14</a>]. However,\n proper attribution of this algorithm is difficult because, as described in chapter 5 of \n [<a href=""#Nielsen_Chuang"">76</a>], it subsumes many historically important quantum\n algorithms as special cases, including Simon\'s algorithm [<a href=""#Simon"">108</a>], \n which was the inspiration for Shor\'s period finding algorithm, which forms the core \n of his factoring and discrete-log algorithms. The Abelian hidden subgroup algorithm \n is also at the core of the Pell\'s equation, principal ideal, unit group, and class \n group algorithms. In certain instances, the Abelian hidden subgroup problem can be\n solved using a single query rather than order \\( \\log(\\vert G\\vert) \\), as shown\n in [<a href=""#Beaudrap"">30</a>]. It is normally assumed in period finding that the\n function \\(f(x) \\neq f(y) \\) unless \\( x-y = s \\), where \\( s \\) is the period.\n A quantum algorithm which applies even when this restiction is relaxed is given in \n [<a href=""#Hales_Hallgren"">388</a>]. Period finding has been generalized to apply to \n oracles which provide only the few most significant bits about the underlying \n function in [<a href=""#SW07"">389</a>].\n",,
O( log(abs(n)),O(abs(n)),,Non-Abelian Hidden Subgroup,Superpolynomial,"Let <i>G</i> be a finitely generated group, and let <i>H</i> be\n some subgroup of <i>G</i> that has finitely many left cosets. Let <i>f</i> be a \n function on <i>G</i> such that for any \\( g_1, g_2 \\), \\( f(g_1) = f(g_2) \\)\n if and only if \\( g_1 \\) and \\( g_2 \\) are in the same left coset of <i>H</i>.\n The task is to find <i>H</i> (<i>i.e.</i> find a set of generators for <i>H</i>)\n by making queries to <i>f</i>. This is solvable on a quantum computer using \n \\( O(\\log(|G|) \\) queries, whereas classically \\( \\Omega(|G|) \\)\n are required [<a href=""#Ettinger"">37</a>,<a href=""#Hallgren_Russell"">51</a>].\n However, this does not qualify as an efficient quantum algorithm because in general,\n it may take exponential time to process the quantum states obtained from these \n queries. Efficient quantum algorithms for the hidden subgroup problem are known for\n certain specific non-Abelian groups \n[<a href=""#RB_NAHS"">81</a>,<a href=""#IMS_NAHS"">55</a>,<a href=""#MRRS_NAHS"">72</a>,<a href=""#IlG_NAHS"">53</a>,<a href=""#BCvD_NAHS"">9</a>,<a href=""#CKL_NAHS"">22</a>,<a href=""#ISS_NAHS"">56</a>,<a href=""#CP_NAHS"">71</a>,<a href=""#ISS2_NAHS"">57</a>,<a href=""#FIMSS_NAHS"">43</a>,<a href=""#G_NAHS"">44</a>,<a href=""#CvD_NAHS"">28</a>,<a href=""#DMR_NAHS"">126</a>,<a href=""#W_NAHS"">207</a>,<a href=""#NAHS_BVZ"">273</a>]. \n A slightly outdated survey is given in [<a href=""#Survey_NAHS"">69</a>]. Of \n particular interest are the symmetric group and the dihedral group. A solution \n for the symmetric group would solve graph isomorphism. A solution for the \n dihedral group would solve certain lattice problems [<a href=""#Regev_lattice"">78</a>].\n Despite much effort, no polynomial-time solution for these groups is known, except in\n special cases [<a href=""#Roet16"">312</a>]. However, \n Kuperberg [<a href=""#Kuperberg"">66</a>] found a time \\( 2^{O( \\sqrt{\\log N})}) \\)\n algorithm for finding a hidden subgroup of the dihedral group \\( D_N \\). Regev \n subsequently improved this algorithm so that it uses not only subexponential time \n but also polynomial space [<a href=""#Regev_dihedral"">79</a>]. A\n further improvement in the asymptotic scaling of the required number\n of qubits is obtained in [<a href=""#K13"">218</a>]. Quantum query speedups (though\n not necessarily efficient quantum algorithms in terms of gate count) for\n somewhat more general problems of testing for isomorphisms of functions under sets of \n permutations are given in [<a href=""#HM15"">311</a>]\n",,
,,,Bernstein-Vazirani,"Polynomial Directly, Superpolynomial Recursively","We are given an oracle whose input is <i>n</i>\n bits and whose output is one bit. Given input \\( x \\in \\{0,1\\}^n \\), the output is \n \\( x \\odot h \\), where <i>h</i> is the ""hidden"" string of <i>n</i> bits, and \n \\( \\odot \\) denotes the bitwise inner product modulo 2. The task is to find <i>h</i>.\n On a classical computer this requires <i>n</i> queries. As shown by Bernstein and \n Vazirani [<a href=""#Bernstein_Vazirani"">11</a>], this can be achieved on a quantum \n computer using a single query. Furthermore, one can construct recursive versions of\n this problem, called recursive Fourier sampling, such that quantum computers require\n exponentially fewer queries than classical computers \n [<a href=""#Bernstein_Vazirani"">11</a>]. See \n [<a href=""#HH08"">256</a>, <a href=""#BH10"">257</a>] for related work\non the ubiquity of quantum speedups from generic quantum circuits and\n[<a href=""#AA14"">258</a>, <a href=""#ABK15"">270</a>] for related work on a quantum query speedup\nfor detecting correlations between the an oracle function and the\nFourier transform of another.\n",,
,,,Deutsch-Jozsa,"Exponential over P, none over BPP","We are given an oracle whose input is <i>n</i> bits and whose output\n is one bit. We are promised that out of the \\( 2^n \\) possible inputs, either all of them,\n none of them, or half of them yield output 1. The task is to distinguish the balanced case\n (half of all inputs yield output 1) from the constant case (all or none of the inputs yield\n output 1). It was shown by Deutsch [<a href=""#Deutsch"">32</a>] that for <i>n=1</i>, this\n can be solved on a quantum computer using one query, whereas any deterministic classical \n algorithm requires two. This was historically the first well-defined quantum algorithm \n achieving a speedup over classical computation. (A related, more recent, pedagogical \n example is given in [<a href=""#G14"">259</a>].) A single-query quantum algorithm for \n arbitrary <i>n</i> was developed by Deutsch and Jozsa in [<a href=""#Deutsch_Jozsa"">33</a>].\n Although probabilistically easy to solve with <i>O(1)</i> queries, the Deutsch-Jozsa problem\n has exponential worst case deterministic query complexity classically.\n",,
"O( min (N, sqrt(S),N**(1/2) n**(1/4) ))",O(2**(0.753n)),,Formula Evaluation,Polynomial,"A Boolean expression is called a formula if each variable is used only\n once. A formula corresponds to a circuit with no fanout, which consequently has the topology\n of a tree. By Reichardt\'s span-program formalism, it is now known \n [<a href=""#Reichardt_Reflection"">158</a>] that the quantum query complexity of any formula\n of <i>O</i>(1) fanin on <i>N</i> variables is \\( \\Theta(\\sqrt{N}) \\).\n This result culminates from a long line of work\n [<a href=""#Childs_Jordan"">27</a>,<a href=""#ragged"">8</a>,<a href=""#Reichardt_Spalek"">80</a>,<a href=""#Reichardt_Unbalanced"">159</a>,<a href=""#Reichardt_Faster"">160</a>], \n which started with the discovery by Farhi <i>et al.</i> [<a href=""#Farhi_NAND"">38</a>]\n that NAND trees on \\( 2^n \\) variables can be evaluated on quantum computers in time\n \\( O(2^{0.5n}) \\) using a continuous-time quantum walk, whereas classical computers\n require \\( \\Omega(2^{0.753n}) \\) queries. In many cases, the quantum formula-evaluation \n algorithms are efficient not only in query complexity but also in time-complexity. The \n span-program formalism also yields quantum query complexity lower bounds\n [<a href=""#Reichardt2010"">149</a>]. Although originally discovered from a different point of \n view, Grover\'s algorithm can be regarded as a special case of formula evaluation in which \n every gate is OR. The quantum complexity of evaluating non-boolean formulas has also been\n studied [<a href=""#Cleve_tree"">29</a>], but is not as fully understood. Childs <i>et al.</i> \n have generalized to the case in which input variables may be repeated (<i>i.e.</i> the first \n layer of the circuit may include fanout) [<a href=""#Childs_Kimmel_Kothari"">101</a>]. They \n obtained a quantum algorithm using \\( O(\\min \\{N,\\sqrt{S},N^{1/2} G^{1/4} \\}) \\)\n queries, where <i>N</i> is the number of input variables not including multiplicities,\n <i>S</i> is the number of inputs counting multiplicities, and <i>G</i> is the number of\n gates in the formula. References [<a href=""#Zhan_Kimmel_Hassidim"">164</a>],\n [<a href=""#Kimmel"">165</a>], and  [<a href=""#JK15"">269</a>] consider\n special cases of the NAND tree problem in which the  number of NAND\n gates taking unequal inputs is limited. Some of these cases yield\n superpolynomial separation between quantum and classical query\n complexity.\n",,
O(n),O(n**2),,"Gradients, Structured Search, and Learning Polynomials",Polynomial,"Suppose we are given a oracle for computing some smooth function\n \\( f:\\mathbb{R}^d \\to \\mathbb{R} \\). The inputs and outputs to <i>f</i> are given to \n the oracle with finitely many bits of precision. The task is to estimate \\( \\nabla f \\)\n at some specified point \\( \\mathbf{x}_0 \\in \\mathbb{R}^d \\). As shown in \n [<a href=""#Jordan_gradient"">61</a>], a quantum computer can achieve this using one query,\n whereas a classical computer needs at least <i>d+1</i> queries. In [<a href=""#Bulger"">20</a>],\n Bulger suggested potential applications for optimization problems. As shown in appendix D\n of [<a href=""#mythesis"">62</a>], a quantum computer can use the gradient algorithm to find\n the minimum of a quadratic form in <i>d</i> dimensions using <i>O(d)</i> queries, whereas,\n as shown in [<a href=""#Yao"">94</a>], a classical computer needs at least \\( \\Omega(d^2) \\)\n queries. Single query quantum algorithms for finding the minima of basins based on Hamming \n distance were given in\n [<a href=""#Hogg"">147</a>,<a href=""#Hunziker_Meyer"">148</a>,<a href=""#MP09"">223</a>].\n The quantum algorithm of [<a href=""#mythesis"">62</a>] can also extract all \\( d^2 \\)\n matrix elements of the quadratic form using <i>O(d)</i> queries, and  more generally, all\n \\( d^n \\) <i>n</i>th derivatives of a smooth function of <i>d</i> variables in \\( O(d^{n-1}) \\)\n queries. As shown in [<a href=""#Roetteler_quad"">130</a>,<a href=""#Montanaro_polynomials"">146</a>],\n quadratic forms and multilinear polynomials in <i>d</i> variables over a finite field may \n be extracted with a factor of <i>d</i> fewer quantum queries than are required classically.\n",,
O(log(n)),O(2**(n/2)),,Hidden Shift,Superpolynomial,"We are given oracle access to some function <i>f</i> on \n \\( \\mathbb{Z}_N \\). We know that <i>f(x) = g(x+s)</i> where <i>g</i> is a known function \n and <i>s</i> is an unknown shift. The hidden shift problem is to find <i>s</i>. By\n reduction from Grover\'s problem it is clear that at least \\( \\sqrt{N} \\) queries\n are necessary to solve hidden shift in general. However, certain special cases of the\n hidden shift problem are solvable on quantum computers using <i>O(1)</i> queries. In \n particular, van Dam <i>et al.</i> showed that this can be done if <i>f</i> is a multiplicative\n character of a finite ring or field [<a href=""#vanDam_shift"">89</a>]. The previously \n discovered shifted Legendre symbol algorithm \n [<a href=""#vanDam_Legendre"">88</a>,<a href=""#vanDam_weighing"">86</a>] is subsumed as a\n special case of this, because the Legendre symbol  \\( \\left(\\frac{x}{p} \\right) \\)\n is a multiplicative character of \\( \\mathbb{F}_p \\).  No classical algorithm running in time\n <i>O</i>(polylog(<i>N</i>)) is known for these problems. Furthermore, the quantum algorithm\n for the shifted Legendre symbol problem would break a certain\n cryptographic pseudorandom generator given the ability to make\n quantum queries to the generator [<a href=""#vanDam_shift"">89</a>].\n A quantum speedup for hidden shift problems of difference sets is given in [<a href=""#Roet16"">312</a>],\n and this also subsumes the Legendre symbol problem as a special case.\n Roetteler has found exponential quantum speedups for \n finding hidden shifts of certain nonlinear Boolean functions\n [<a href=""#Roetteler08"">105</a>,<a href=""#Roetteler_quad"">130</a>]. Building on this work,\n Gavinsky, Roetteler, and Roland have shown [<a href=""#Gavinsky"">142</a>] that the hidden \n shift problem on random boolean functions \\( f:\\mathbb{Z}_2^n \\to \\mathbb{Z}_2 \\)\n has <i>O(n)</i> average case quantum complexity, whereas the classical query\n complexity is \\( \\Omega(2^{n/2}) \\). The results in [<a href=""#Ettinger_Hoyer"">143</a>],\n though they are phrased in terms of the hidden subgroup problem for the dihedral group, imply\n that the quantum <i>query</i> complexity of the hidden shift problem for an injective function\n on \\( \\mathbb{Z}_N \\) is <i>O</i>(log <i>n</i>), whereas the classical query complexity is \n \\( \\Theta(\\sqrt{N}) \\). However, the best known quantum <i>circuit</i> complexity for injective\n hidden shift on \\( \\mathbb{Z}_N \\) is \\( O(2^{C \\sqrt{\\log N}}) \\), achieved by Kuperberg\'s\n sieve algorithm [<a href=""#Kuperberg"">66</a>].\n",,
O ( frac(1)(n+1) binom(n+d)(d) ),,,Polynomial interpolation,Varies,"Let \\( p(x) = a_d x^d + \\ldots + a_1 x + a_0 \\) be a polynomial over the finite field \\( \\mathrm{GF}(q) \\). One is given access to an oracle that, given \\( x \\in \\mathrm{GF}(q) \\), returns \\( p(x) \\). The polynomial reconstruction problem is, by making queries to the oracle, to determine the coefficients \\( a_d,\\ldots,a_0 \\). Classically, \\( d + 1 \\) queries are necessary and sufficient. (In some sources use the term reconstruction instead of interpolation for this problem.) Quantumly, \\( d/2 + 1/2 \\) queries are necessary and \\( d/2 + 1 \\) queries are sufficient [<a href=""#interp1"">360</a>,<a href=""#interp2"">361</a>]. For multivariate polynomials of degree <i>d</i> in <i>n</i> variables the interpolation problem has classical query complexity \\( \\binom{n+d}{d} \\). As shown in [<a href=""#interp3"">387</a>], the quantum query complexity is \\( O \\left( \\frac{1}{n+1} \\binom{n+d}{d} \\right) \\) over \\( \\mathbb{R} \\) and \\( \\mathbb{C} \\) and it is \\( O \\left( \\frac{d}{n+d} \\binom{n+d}{d} \\right) \\) over \\( \\mathbb{F}_q \\) for sufficiently large <i>q</i>. Quantum algorithms have also been discovered for the case that the oracle returns \\( \\chi(f(x)) \\) where \\( \\chi \\) is a quadratic character of \\( \\mathrm{GF}(q) \\) [<a href=""#RS04"">390</a>], and the case where the oracle returns \\( f(x)^e \\) [<a href=""#IKS17"">392</a>]. These generalize the hidden shift algorithm of [<a href=""#vanDam_shift"">89</a>] and achieve an exponential speedup over classical computation. A quantum algorithm for reconstructing rational functions over finite fields given noisy and incomplete oracle access to the function values is given in [<a href=""#HRS05"">391</a>].\n",,
O((n/m)**(d/2) 2**(O(d**(3/2) sqrt( log(m))))),,,Pattern matching,Superpolynomial,"Given strings <i>T</i> of length <i>n</i>\nand <i>P</i> of length <i>m</i> &lt; <i>n</i>, both from some finite\nalphabet, the pattern matching problem is to find an occurrence\nof <i>P</i> as a substring of <i>T</i> or to report that <i>P</i> is\nnot a substring of <i>T</i>. More generally, <i>T</i> and <i>P</i>\ncould be <i>d</i>-dimensional arrays rather than one-dimensional\narrays (strings). Then, the pattern matching problem is to return the\nlocation of <i>P</i> as a   \\(m \\times m \\times \\ldots \\times m\\)\nblock within the \\(n \\times n \\times \\ldots \\times n\\) array <i>T</i>\nor report that no such location exists. The \\( \\Omega(\\sqrt{N}) \\)\nquery lower bound for unstructured search [<a href=""#BBBV"">216</a>]\nimplies that the worst-case quantum query complexity of this problem\nis \\( \\Omega ( \\sqrt{n} + \\sqrt{m} ) \\). A quantum algorithm achieving\nthis, up to logarithmic factors, was obtained in\n[<a href=""#RV00"">217</a>]. This quantum algorithm works through the\nuse of Grover\'s algorithm together with a classical method called\ndeterministic sampling. More recently, Montanaro showed that\nsuperpolynomial quantum speedup can be achieved on average case\ninstances of pattern matching, provided that <i>m</i> is greater than\nlogarithmic in <i>n</i>. Specifically, the quantum algorithm  given in\n[<a href=""#Montanaro14"">215</a>] solves average case pattern matching in \n\\( \\widetilde{O}((n/m)^{d/2} 2^{O(d^{3/2} \\sqrt{\\log m})})\\) time. This\nquantum algorithm is constructed by generalizing Kuperberg\'s quantum\nsieve algorithm [<a href=""#Kuperberg"">66</a>] for dihedral hidden subgroup and\nhidden shift problems so that it can operate in <i>d</i> dimensions\nand accomodate small amounts of noise, and then classically reducing the\npattern matching problem to this noisy <i>d</i>-dimensional version of\nhidden shift.\n",,
O(k**2 log(n)),,,Linear Systems,Superpolynomial,"We are given oracle access to an \\( n \\times n \\) matrix <i>A</i> and \n some description of a vector <i>b</i>. We wish to find some property of <i>f(A)b</i> \n for some efficiently computable function <i>f</i>.  Suppose <i>A</i> is a Hermitian matrix\n with  <i>O</i>(polylog <i>n</i>) nonzero entries in each row and condition number <i>k</i>.\n As shown in [<a href=""#HHL08"">104</a>], a quantum computer can in \\( O(k^2 \\log n) \\)\n time compute to polynomial precision various expectation values of operators with respect\n to the vector <i>f(A)b</i> (provided that a quantum state proportional to <i>b</i> is \n efficiently constructable). For certain functions, such as <i>f(x)=1/x</i>, this\n procedure can be extended to non-Hermitian and even non-square <i>A</i>. The \n runtime of this algorithm was subsequently improved to \\( O(k \\log^3 k \\log n) \\)\n in [<a href=""#Ambainis_linear"">138</a>]. Exponentially improved\n scaling of runtime with precision was obtained in\n [<a href=""#CKS15"">263</a>]. Extensions of this quantum\n algorithm have been applied to problems of estimating electromagnetic\n scattering crossections [<a href=""#CJS13"">249</a>] (see also [<a href=""#CJO17"">369</a>] for a different approach), solving linear\n differential equations [<a href=""#Berry10"">156</a>, <a href=""#MP16"">296</a>], estimating\n electrical resistance of networks [<a href=""#Wang14"">210</a>], least-squares\n curve-fitting [<a href=""#Wiebe_Braun_Lloyd12"">169</a>], solving Toeplitz systems \n [<a href=""#WYPGW16"">297</a>], and machine learning \n [<a href=""#LMR13"">214</a>,<a href=""#LGZ14"">222</a>,<a href=""#LMR13b"">250</a>,<a href=""#RML13"">251</a>,<a href=""#KP16"">309</a>]. Some\n limitations of the quantum machine learning algorithms based on\n linear systems are nicely summarized in [<a href=""#Aa15"">246</a>].\n In [<a href=""#Ta-Shma13"">220</a>] it was  shown that quantum\n computers can invert well-conditioned  \\( n \\times n \\) matrices\n using only \\( O( \\log n ) \\) qubits, whereas the best classical\n algorithm uses order \\( \\log^2 n \\) bits. Subsequent improvements to\n this quantum algorithm are given in [<a href=""#FL16"">279</a>].\n",,
0.433 log2(N),log2(N),,Ordered Search,Constant factor,"We are given oracle access to a list of <i>N</i> numbers in order \n from least to greatest. Given a number <i>x</i>, the task is to find out where in the \n list it would fit. Classically, the best possible algorithm is binary search which takes\n \\( \\log_2 N \\) queries. Farhi <i>et al.</i> showed that a quantum computer can achieve \n this using 0.53 \\( \\log_2 N \\) queries [<a href=""#FGGS99"">39</a>]. Currently, the best \n known deterministic quantum algorithm for this problem uses 0.433 \\( \\log_2 N \\)\n queries [<a href=""#Landahl"">103</a>]. A lower bound of \\( \\frac{\\ln 2}{\\pi} \\log_2 N \\)\n quantum queries has been proven for this problem\n [<a href=""#HNS01"">219</a>, <a href=""#Childs_Lee"">24</a>]. In\n [<a href=""#Ben_Or_Search"">10</a>], a randomized quantum algorithm is given whose expected\n query complexity is less than \\( \\frac{1}{3} \\log_2 N \\).\n",,
,O(n**2),,Graph Properties in the Adjacency Matrix Model,Polynomial,"Let <i>G</i> be a graph of <i>n</i> vertices. We are given access to\n an oracle, which given a pair of integers in {1,2,...,<i>n</i>} tells us whether the\n corresponding vertices are connected by an edge. Building on previous work \n [<a href=""#DH96"">35</a>,<a href=""#prev2"">52</a>,<a href=""#prev3"">36</a>], D&uuml;rr \n <i>et al.</i> [<a href=""#Durr_graphs"">34</a>] show that the quantum query complexity \n of finding a minimum spanning tree of weighted graphs, and deciding connectivity for \n directed and undirected graphs have \\( \\Theta(n^{3/2}) \\) quantum query complexity,\n and that finding lowest weight paths has \\( O(n^{3/2}\\log^2 n) \\) quantum query complexity. Deciding whether a graph is bipartite, detecting cycles, and deciding whether a given vertex can be reached from another (st-connectivity) can all be achieved using a number of queries and quantum gates that both scale as \\( \\widetilde{O}(n^{3/2}) \\), and only logarithmically many qubits, as shown in [<a href=""#CMB16"">317</a>], building upon [<a href=""#Berzina"">13</a>, <a href=""#Arins"">272</a>, <a href=""#BR12"">318</a>]. A span-program-based quantum algorithm for detecting trees of a given\n size as minors in \\( \\widetilde{O}(n) \\) time is given in\n [<a href=""#Wang13"">240</a>]. A graph property is \n sparse if there exists a constant <i>c</i> such that every graph with the property has\n a ratio of edges to vertices at most <i>c</i>. Childs and Kothari have shown that all \n sparse graph properties have query complexity \\( \\Theta(n^{2/3}) \\) if they cannot be\n characterized by a list of forbidden subgraphs and \\( o(n^{2/3}) \\) \n (<a href=""http://en.wikipedia.org/wiki/Big_O_notation#Little-o_notation"">little-o</a>)\n if they can [<a href=""#Childs_minor"">140</a>]. The former algorithm is based on Grover \n search, the latter on the quantum walk formalism of [<a href=""#Magniez_walk"">141</a>].\n By Mader\'s theorem, sparse graph properties include all nontrivial minor-closed properties.\n These include planarity, being a forest, and not containing a path of\n given length. According to the widely-believed Aanderaa-Karp-Rosenberg conjecture, all of the above problems have \\( \\Omega(n^2) \\) classical query complexity. Another\n interesting computational problem is finding a subgraph <i>H</i> in a given graph <i>G</i>.\n The simplest case of this finding the triangle, that is, the clique of size three. The\n fastest known quantum algorithm for this finds a triangle in \\( O(n^{5/4}) \\)\n quantum queries [<a href=""#CLM16"">319</a>], improving upon\n [<a href=""#LG14"">276</a>, <a href=""#Lee_Magniez_Santha12"">175</a>, <a href=""#Jeffery_Kothari_Magniez12"">171</a>, \n  <a href=""#Magniez_triangle"">70</a>, <a href=""#Belovs_Constant"">152</a>, \n  <a href=""#Buhrman_collision"">21</a>]. Stronger quantum query complexity upper bounds are known when the graphs are sufficiently sparse [<a href=""#CLM16"">319</a>, <a href=""#LS15"">320</a>]. Classically, triangle finding \n requires \\( \\Omega(n^2) \\) queries [<a href=""#Buhrman_collision"">21</a>]. \n More generally, a quantum computer can find an  \n arbitrary subgraph of <i>k</i> vertices using \\( O(n^{2-2/k-t}) \\) queries where \n \\( t=(2k-d-3)/(k(d+1)(m+2)) \\) and <i>d</i> and <i>m</i> are such that <i>H</i> has\n a vertex of degree <i>d</i> and <i>m</i>+<i>d</i> edges \n [<a href=""#Lee_Magniez_Santha"">153</a>]. This improves on the previous algorithm of\n [<a href=""#Magniez_triangle"">70</a>]. In some cases, this query complexity is beaten by\n the quantum algorithm of [<a href=""#Childs_minor"">140</a>], which finds <i>H</i>\n using \\( \\widetilde{O}\\left( n^{\\frac{3}{2}-\\frac{1}{\\mathrm{vc}(H)+1}} \\right) \\)\n queries, provided <i>G</i> is sparse, where vc(<i>H</i>) is the size of the minimal \n vertex cover of <i>H</i>. A quantum algorithm for finding\n constant-sized sub-hypergraphs over 3-uniform hypergraphs in \\(\n O(n^{1.883}) \\) queries is given in [<a href=""#LGNT13"">241</a>].\n",,
O(N sqrt(n)),,,Graph Properties in the Adjacency List Model,Polynomial,"Let <i>G</i> be a graph of <i>N</i> vertices, <i>M</i> edges, and \n degree <i>d</i>. We are given access to an oracle which, when queried with the label\n of a vertex and \\( j \\in \\{1,2,\\ldots,d\\} \\) outputs the <i>j</i>th neighbor of the\n vertex or null if the vertex has degree less than <i>d</i>. Suppose we are given the\n promise that <i>G</i> is either bipartite or is far from bipartite in the sense that\n a constant fraction of the edges would need to be removed to achieve bipartiteness. Then,\n as shown in [<a href=""#Ambainis_Childs_Liu"">144</a>], the quantum complexity of deciding\n bipartiteness is \\( \\widetilde{O}(N^{1/3}) \\). Also in [<a href=""#Ambainis_Childs_Liu"">144</a>],\n it is shown that distinguishing expander graphs from graphs that are far from\n being expanders has quantum complexity \\( \\widetilde{O}(N^{1/3}) \\) and \n \\( \\widetilde{\\Omega}(N^{1/4}) \\), whereas the classical complexity is \n \\( \\widetilde{\\Theta}(\\sqrt{N}) \\). The key quantum algorithmic tool is Ambainis\' algorithm for\n element distinctness. In [<a href=""#Durr_graphs"">34</a>], it is shown that finding a minimal\n spanning tree has quantum query complexity \\( \\Theta(\\sqrt{NM}) \\), deciding graph \n connectivity has quantum query complexity \\( \\Theta(N) \\) in the undirected case, and\n \\( \\widetilde{\\Theta}(\\sqrt{NM}) \\) in the directed case, and computing the lowest weight\n path from a given source to all other vertices on a weighted graph has quantum\n query complexity \\( \\widetilde{\\Theta}(\\sqrt{NM}) \\). In [<a href=""#CMB16"">317</a>] quantum algorithms are given for st-connectivity, deciding bipartiteness, and deciding whether a graph is a forest, which run in \\( \\widetilde{O}(N \\sqrt{d}) \\) time and use only logarithmically many qubits. \n",,
,,,Welded Tree,Superpolynomial,"Some computational problems can be phrased in terms of the query \n complexity of finding one\'s way through a maze. That is, there is some graph <i>G</i>\n to which one is given oracle access. When queried with the label of a given node,\n the oracle returns a list of the labels of all adjacent nodes. The task is, starting\n from some source node (<i>i.e.</i> its label), to find the label of a certain marked\n destination node. As shown by Childs <i>et al.</i> [<a href=""#Childs_weld"">26</a>], \n quantum computers can exponentially outperform classical computers at this task for\n at least some graphs. Specifically, consider the graph obtained by joining together\n two depth-<i>n</i> binary trees by a random ""weld"" such that all nodes but the two\n roots have degree three. Starting from one root, a quantum computer can find the other \n root using poly(<i>n</i>) queries, whereas this is provably impossible using classical\n queries. \n",,
O(N**(2/3)),,,Collision Finding and Element Distinctness,Polynomial,"Suppose we are given oracle access to a two to one\n function <i>f</i> on a domain of size <i>N</i>. The collision problem\n is to find a pair \\( x,y \\in \\{1,2,\\ldots,N\\} \\) such that <i>f(x) = f(y)</i>.\n The classical randomized query complexity of this problem is \\( \\Theta(\\sqrt{N}) \\),\n whereas, as shown by Brassard <i>et al.</i>, a quantum computer can achieve this \n using \\(O(N^{1/3}) \\) queries [<a href=""#Brassard_collision"">18</a>]. (See also [<a href=""#BHT98b"">315</a>].) Removing the\n promise that <i>f</i> is two-to-one yields a problem called element distinctness, which\n has \\( \\Theta(N) \\) classical query complexity. Improving upon\n [<a href=""#Buhrman_collision"">21</a>], Ambainis gives a quantum algorithm with query \n complexity of \\( O(N^{2/3}) \\) for element distinctness, which is\n optimal [<a href=""#Ambainis_distinctness"">7</a>, <a href=""#P17"">374</a>]. The problem of\n deciding whether any <i>k</i>-fold collisions exist is\n called <i>k</i>-distinctness. Improving upon\n [<a href=""#Ambainis_distinctness"">7</a>,<a href=""#Belovs_Lee"">154</a>],\n the best quantum query complexity for <i>k</i>-distinctness is\n \\( O(n^{3/4 - 1/(4(2^k-1))}) \\)\n [<a href=""#Belovs12"">172</a>, <a href=""#Childs_Jeffery_Kothari_Magniez13"">173</a>]. For <i>k</i>=2,3 this is also the time-complexity, up to logarithmic \n factors, by  [<a href=""#Ambainis_distinctness"">7</a>]. For \\( k > 3\\) the fastest known quantum algorithm has time complexity \\( O(n^{(k-1)/k}) \\) [<a href=""#Jefferythesis"">363</a>].\n Given two functions <i>f</i> and <i>g</i>, on domains of\n size <i>N</i> and <i>M</i>, respectively a claw is a pair <i>x,y</i> such that <i>f(x) =\n g(y)</i>. In the case that <i>N</i>=<i>M</i>, the algorithm of  [<a href=""#Ambainis_distinctness"">7</a>]\n solves claw-finding in \\( O(N^{2/3}) \\) queries, improving on the previous \\( O(N^{3/4} \\log N) \\) quantum algorithm\n of [<a href=""#Buhrman_collision"">21</a>]. Further work gives improved query complexity for various parameter regimes\nin which \\(N \\neq M\\) [<a href=""#Tani"">364</a>, <a href=""#IwamaKawachi"">365</a>].  More generally, a related problem to\n element distinctness, is, given oracle access to a sequence, to\n estimate the \\(k^{\\mathrm{th}}\\) frequency moment \\(F_k = \\sum_j n_j^k\n \\), where \\(n_j\\) is the number of times that <i>j</i> occurs in the\n sequence. An approximately quadratic speedup for this problem is\n obtained in [<a href=""#M15c"">277</a>]. See also <a href=""#graph_collision"">graph collision</a>.\n",,
O(N**(2/3)),,,Graph Collision,Polynomial,"\nWe are given an undirected graph of <i>n</i> vertices and oracle\naccess to a labelling of the vertices by 1 and 0. The graph collision\nproblem is, by querying this oracle, to decide whether there exist a\npair of vertices, connected by an edge, both of which are labelled\n1. One can embed Grover\'s unstructured search problem as an instance\nof graph collision by choosing the star graph, labelling the center 1,\nand labelling the remaining vertices by the database entries. Hence,\nthis problem has quantum query complexity \\( \\Omega(\\sqrt{n}) \\) and\nclassical query complexity \\( \\Theta (n) \\). In\n[<a href=""#Magniez_triangle"">70</a>], Magniez, Nayak, and Szegedy gave\na \\( O(N^{2/3}) \\)-query quantum algorithm for graph collision on\ngeneral graphs. This remains the best upper bound on quantum query\ncomplexity for this problem on general graphs. However, stronger upper\nbounds have been obtained for several special classes of\ngraphs. Specifically, the quantum query complexity on a\ngraph <i>G</i> is  \\( \\widetilde{O}(\\sqrt{n} + \\sqrt{l}) \\) where <i>l</i>\nis the number of non-edges in <i>G</i> [<a href=""#JKM"">161</a>],\n\\(O(\\sqrt{n} \\alpha^{1/6}) \\) where \\(\\alpha\\) is the size of the\nlargest independent set of <i>G</i> [<a href=""#Belovs12"">172</a>],\n\\(O(\\sqrt{n} + \\sqrt{\\alpha^*})\\) where \\( \\alpha^* \\) is the maximum\ntotal degree of any independent set of <i>G</i>\n[<a href=""#GI12"">200</a>], and \\(O(\\sqrt{n} t^{1/6}) \\) where <i>t</i> is\nthe treewidth of <i>G</i> [<a href=""#ABI13"">201</a>]. Furthermore, the\nquantum query complexity is  \\( \\widetilde{O}(\\sqrt{n}) \\) with high\nprobability for random graphs in which the presence or absence of an\nedge between each pair of vertices is chosen independently with fixed\nprobability, (<i>i.e.</i> Erd&#337;s-R&eacute;nyi graphs)\n[<a href=""#GI12"">200</a>]. See [<a href=""#ABI13"">201</a>] for a\nsummary of these results as well as new upper bounds for two\nadditional classes of graph that are too complicated to describe here.\n",,
O(k**(4/5)n**(9/5)),O( k n**2 ),,Matrix Commutativity,Polynomial,"We are given oracle access to <i>k</i> matrices, each of which are\n \\( n \\times n \\). Given integers \\( i,j \\in \\{1,2,\\ldots,n\\} \\), and\n \\( x \\in \\{1,2,\\ldots,k\\} \\) the oracle returns the <i>ij</i> matrix element of the \n \\( x^{\\mathrm{th}} \\) matrix. The task is to decide whether all of these <i>k</i>\n matrices commute. As shown by Itakura [<a href=""#Itakura"">54</a>], this can be achieved\n on a quantum computer using \\( O(k^{4/5}n^{9/5}) \\) queries, whereas classically this\n requires \\( \\Omega( k n^2 ) \\) queries.\n",,
widetilde( Theta)(n**(2/3)),,,Group Commutativity,Polynomial,"We are given a list of <i>k</i> generators for a group <i>G</i> and\n access to a blackbox implementing group multiplication. By querying this blackbox we \n wish to determine whether the group is commutative. The best known classical algorithm\n is due to Pak and requires <i>O(k)</i> queries. Magniez and Nayak have shown that the \n quantum query complexity of this task is \\( \\widetilde{\\Theta}(k^{2/3}) \\)\n [<a href=""#Magniez_Nayak"">139</a>].\n",,
,,,Hidden Nonlinear Structures,Superpolynomial,"Any Abelian group <i>G</i> can be visualized as a lattice. A subgroup\n <i>H</i> of <i>G</i> is a sublattice, and the cosets of <i>H</i> are all the shifts of\n that sublattice. The Abelian hidden subgroup problem is normally solved by obtaining\n superposition over a random coset of the Hidden subgroup, and then taking the Fourier\n transform so as to sample from the dual lattice. Rather than generalizing to\n non-Abelian groups (see <a href=""#nonabelian_HSP"">non-Abelian hidden subgroup</a>), one can instead generalize to\n the problem of identifying hidden subsets other than lattices. As shown by Childs \n<i>et al.</i> [<a href=""#Childs_nonlinear"">23</a>] this problem is efficiently solvable\n on quantum computers for certain subsets defined by polynomials, such as spheres. \n Decker <i>et al.</i> showed how to efficiently solve some related problems in \n [<a href=""#Wocjan_nonlinear"">31</a>, <a href=""#DHIS13"">212</a>].\n",,
,,,Center of Radial Function,Polynomial,"We are given an oracle that evaluates a function <i>f</i> from \n \\( \\mathbb{R}^d \\) to some arbitrary set <i>S</i>, where <i>f</i> is spherically \n symmetric. We wish to locate the center of symmetry, up to some precision. \n (For simplicity, let the precision be fixed.) In [<a href=""#Liu"">110</a>], \n Liu gives a  quantum algorithm, based on a curvelet transform, that solves \n this problem using a constant number of quantum queries independent of \n <i>d</i>. This constitutes a polynomial speedup over the classical lower \n bound, which is \\( \\Omega(d) \\) queries. The algorithm works when the function\n <i>f</i> fluctuates on sufficiently small scales, <i>e.g.</i>, when the level sets \n of <i>f</i> are sufficiently thin spherical shells. The quantum algorithm is shown\n to work in an idealized continuous model, and nonrigorous arguments suggest that\n discretization effects should be small.\n",,
,,,Group Order and Membership,Superpolynomial,"Suppose a finite group <i>G</i> is given oracularly in the following way.\n To every element in <i>G</i>, one assigns a corresponding label. Given an ordered pair of\n labels of group elements, the oracle returns the label of their product. There are several\n classically hard problems regarding such groups. One is to find the group\'s order, given the\n labels of a set of generators. Another task is, given a bitstring, to decide whether it \n corresponds to a group element. The constructive version of this membership problem requires,\n in the yes case, a decomposition of the given element as a product of group generators. \n Classically, these problems cannot be solved using polylog(|<i>G</i>|) queries even if \n <i>G</i> is Abelian. For Abelian groups, quantum computers can solve these problems using\n polylog(|<i>G</i>|) queries by reduction to the Abelian hidden subgroup problem, as shown \n by Mosca [<a href=""#Mosca_thesis"">74</a>]. Furthermore, as shown by Watrous \n [<a href=""#Watrous_solvable"">91</a>], quantum computers can solve these problems\n using polylog(|<i>G</i>|) queries for any solvable group. For groups given as matrices\n over a finite field rather than oracularly, the order finding and constructive membership\n problems can be solved in polynomial time by using the quantum algorithms for discrete log\n and factoring [<a href=""#Babai"">124</a>]. See also <a href=""#group_isomorphism"">group isomorphism</a>.\n",,
,,,Group Isomorphism,Superpolynomial,"Let <i>G</i> be a finite group. To every element of \n<i>G</i> is assigned an arbitrary label (bit string). Given an ordered pair\nof labels of group elements, the group oracle returns the label of their\nproduct. Given access to the group oracles for two groups <i>G</i> and \n<i>G\'</i>, and a list of generators for each group, we must decide whether\n<i>G</i> and <i>G\'</i> are isomorphic. For Abelian groups, we can solve this\nproblem using poly(log |<i>G</i>|, log |<i>G\'</i>|) queries to the oracle\nby applying the quantum algorithm of [<a href=""#Cheung_Mosca"">127</a>], which\ndecomposes any Abelian group into a canonical direct product of cyclic groups.\nThe quantum algorithm of [<a href=""#LeGall"">128</a>] solves the group\nisomorphism problem using poly(log |<i>G</i>|, log |<i>G\'</i>|) queries for a\ncertain class of non-Abelian groups. Specifically, a group <i>G</i> is in this\nclass if <i>G</i> has a normal Abelian subgroup <i>A</i> and an element \n<i>y</i> of order coprime to |<i>A</i>| such that G\n= <i>A</i>, <i>y</i>. Zatloukal has recently given an exponential\nquantum speedup for some instances of a problem closely related to\ngroup isomorphism, namely testing equivalence of group extensions\n[<a href=""#Z13"">202</a>].\n",,
O(N**(1/3)),,,Statistical Difference,Polynomial,"Suppose we are given two black boxes <i>A</i> and <i>B</i>\n whose domain is the integers 1 through <i>T</i> and whose range is the integers\n 1 through <i>N</i>. By choosing uniformly at random among allowed inputs we obtain a\n probability distribution over the possible outputs. We wish to approximate to constant \n precision the L1 distance between the probability distributions determined by <i>A</i> \n and <i>B</i>. Classically the number of necessary queries scales essentially linearly \n with N. As shown in [<a href=""#Bravyi_difference"">117</a>], a quantum computer can\n achieve this using \\( O(\\sqrt{N}) \\) queries. Approximate uniformity and orthogonality\n of probability distributions can also be decided on a quantum computer using \n \\( O(N^{1/3}) \\) queries. The main tool is the quantum counting algorithm of \n [<a href=""#BHT98"">16</a>]. A further improved quantum algorithm for\n this task is obtained in [<a href=""#M15b"">265</a>].\n",,
,,,Finite Rings and Ideals,Superpolynomial,"Suppose we are given black boxes implementing the addition and\n multiplication operations on a finite ring <i>R</i>, not necessarily commutative, along\n with a set of generators for <i>R</i>. With respect to addition, <i>R</i> forms a \n finite Abelian group (<i>R</i>,+). As shown in [<a href=""#Arvind"">119</a>], on a quantum\n computer one can find in poly(log |<i>R</i>|) time a set of additive generators\n \\( \\{h_1,\\ldots,h_m\\} \\subset R \\) such that \n \\( (R,+) \\simeq \\langle h_1 \\rangle \\times \\ldots \\times \\langle h_M \\rangle\\)\n and <i>m</i> is polylogarithmic in |<i>R</i>|. This allows efficient computation of a \n multiplication tensor for <i>R</i>. As shown in [<a href=""#WJAB"">118</a>], one can \n similarly find an additive generating set for any ideal in <i>R</i>. This allows one \n to find the intersection of two ideals, find their quotient, prove whether a given ring\n element belongs to a given ideal, prove whether a given element is a unit and if so \n find its inverse, find the additive and multiplicative identities, compute the order of\n an ideal, solve linear equations over rings, decide whether an ideal is maximal, find \n annihilators, and test the injectivity and surjectivity of ring homomorphisms. As shown \n in [<a href=""#Arvind2"">120</a>], one can also use a quantum computer to efficiently \n decide whether a given polynomial is identically zero on a given finite black box ring. \n Known classical algorithms for these problems scale as poly(|<i>R</i>|).\n",,
O(n**(1/4)),O(n log(N/n)),,Counterfeit Coins,Polynomial,"Suppose we are given <i>N</i> coins, <i>k</i> of which are \n counterfeit. The real coins are all of equal weight, and the counterfeit coins are \n all of some other equal weight. We have a pan balance and can compare the weight of\n any pair of subsets of the coins. Classically, we need \\( \\Omega(k \\log(N/k)) \\)\n weighings to identify all of the counterfeit coins. We can introduce an oracle such\n that given a pair of subsets of the coins of equal cardinality, it outputs one bit\n indicating balanced or unbalanced. Building on previous work by Terhal and Smolin\n [<a href=""#TS"">137</a>], Iwama <i>et al.</i> have shown [<a href=""#Iwama"">136</a>] \n that on a quantum computer, one can identify all of the counterfeit coins using\n \\( O(k^{1/4}) \\) queries. The core techniques behind the quantum speedup are amplitude\n amplification and the Bernstein-Vazirani algorithm.",,
T = O(k log(n+m)),,,Matrix Rank,Polynomial,"Suppose we are given oracle access to the (integer) entries of an\n \\( n \\times m \\)  matrix <i>A</i>. We wish to determine the rank of the matrix. \n Classically this requires order <i>nm</i> queries. Building on \n [<a href=""#Reichardt2010"">149</a>], Belovs [<a href=""#Belovs_Rank"">150</a>] gives a\n quantum algorithm that can use fewer queries given a promise that the rank of the \n matrix is at least <i>r</i>. Specifically, Belovs\' algorithm uses \n \\( O(\\sqrt{r(n-r+1)}LT) \\) queries, where <i>L</i> is the root-mean-square\n of the reciprocals of the <i>r</i> largest singular values of <i>A</i> and\n <i>T</i> is a factor that depends on the sparsity of the matrix. For general <i>A</i>,\n \\( T = O(\\sqrt{nm}) \\). If <i>A</i> has at most <i>k</i> nonzero entries in any row or\n column then \\( T = O(k \\log(n+m)) \\). (To achieve the corresponding query complexity in \n the <i>k</i>-sparse case, the oracle must take a column index as input, and provide a \n list of the nonzero matrix elements from that column as output.) As an important special\n case, one can use these quantum algorithms for the problem of determining whether a \n square matrix is singular, which is sometimes referred to as the determinant problem. \n For general <i>A</i> the quantum query complexity of the determinant  problem is no \n lower than the classical query complexity [<a href=""#Dorn"">151</a>]. However, \n [<a href=""#Dorn"">151</a>] does not rule out a quantum speedup given a promise on <i>A</i>, \n such as sparseness or lack of small singular values.",,
O(n**(2.473)),O(n**(2.687)),,Matrix Multiplication over Semirings,Polynomial,"A semiring is a set endowed with addition and\nmultiplication operations that obey all the axioms of a ring except\nthe existence additive inverses. Matrix multiplication over various\nsemirings has many applications to graph problems. Matrix\nmultiplication over semirings can be sped up by straightforward Grover\nimprovements upon schoolbook multiplication, yielding a quantum\nalgorithm that multiplies a pair of \\(n \\times n\\) matrices in \\(\n\\widetilde{O}(n^{5/2}) \\) time. For some semirings this algorithm\noutperforms the fastest known classical algorithms and for some\nsemirings it does not [<a href=""#LeGall_Nishimura13"">206</a>]. \nA case of particular interest is the Boolean semiring, in which OR\nserves as addition and AND serves as multiplication. No quantum\nalgorithm is known for Boolean semiring matrix multiplication in the\ngeneral case that beats the best classical algorithm, which has\ncomplexity \\( n^{2.373} \\). However, for sparse input our output,\nquantum speedups are known. Specifically, let <i>A,B</i>\nbe <i>n</i> by <i>n</i> Boolean matrices. Let <i>C</i>=<i>AB</i>,\nand let <i>l</i> be the number of entries of <i>C</i> that are equal\nto 1 (<em>i.e.</em> TRUE). Improving upon \n [<a href=""#Buhrman_matrix"">19</a>, <a href=""#LeGall_Matrix"">155</a>, <a href=""#Williams_Williams"">157</a>],\nthe best known upper bound on quantum query complexity is\n\\(\\widetilde{O}(n \\sqrt{l}) \\), as shown in\n[<a href=""#JKM"">161</a>]. If instead the input matrices are sparse, a\nquantum speedup over the fastest known classical algorithm also has\nbeen found in a certain regime [<a href=""#LeGall_Nishimura13"">206</a>].\nFor detailed comparison to classical algorithms, see\n[<a href=""#LeGall_Matrix"">155</a>, <a href=""#LeGall_Nishimura13"">206</a>]. Quantum\nalgorithms have been found to perform matrix multiplication over the\n(max,min) semiring in \\(\\widetilde{O}(n^{2.473})\\) time and over the\ndistance dominance semiring in \\(\\widetilde{O}(n^{2.458})\\) time\n[<a href=""#LeGall_Nishimura13"">206</a>]. The fastest known classical\nalgorithm for both of these problems has \\(\\widetilde{O}(n^{2.687})\\)\ncomplexity.\n",,
,,,Subset finding,Polynomial,"We are oracle access to a function \\( f:D \\to R \\) where <i>D</i> and\n <i>R</i> are finite sets. Some property \\( P \\subset (D \\times R)^k \\) is specified, for \n example as an explicit list. Our task is to find a size-<i>k</i> subset of <i>D</i> \n satisfying <i>P</i>, <i>i.e.</i> \\( ((x_1,f(x_1)),\\ldots,(x_k,f(x_k)))\n \\in P \\), or reject if none exists. As usual, we wish to do this\n with the minimum number of queries to <i>f</i>. Generalizing the \n result of [<a href=""#Ambainis_distinctness"">7</a>], it was shown in \n [<a href=""#Childs_Eisenberg"">162</a>] that this can be achieved using\n \\(O(|D|^{k/(k+1)}) \\) quantum queries. As an noteworthy special case, this algorithm \n solves the <i>k</i>-subset-sum problem of finding <i>k</i> numbers from a list with some\n  desired sum. A matching lower bound for the quantum query complexity is proven in\n[<a href=""#Belovs_Spalek"">163</a>].",,
Theta( sqrt(n)),Theta(n),,Search with Wildcards,Polynomial,"\nThe search with wildcards problem is to identify a hidden <i>n</i>-bit\nstring <i>x</i> by making queries to an oracle <i>f</i>. Given \\( S\n\\subseteq \\{1,2,\\ldots,n\\} \\) and \\( y \\in \\{0,1\\}^{|S|} \\), <i>f</i>\nreturns one if the substring of <i>x</i> specified by <i>S</i> is equal\nto <i>y</i>, and returns zero otherwise. Classically, this problem has\nquery complexity \\(\\Theta(n)\\). As shown in\n[<a href=""#Ambainis_Montanaro12"">167</a>], the quantum query\ncomplexity of this problem is \\( \\Theta(\\sqrt{n}) \\). Interestingly,\nthis quadratic speedup is achieved not through amplitude\namplification or quantum walks, but rather through use of the\nso-called Pretty Good Measurement. The paper\n[<a href=""#Ambainis_Montanaro12"">167</a>] also gives a quantum speedup\nfor the related problem of combinatorial group testing. This result\nand subsequent faster quantum algorithms for group testing are\ndiscussed in the entry on Junta Testing and Group Testing. \n",,
"O( min (n**(7/6) sqrt(m)  U**(1/3), sqrt(nU)m ) times log(n))",,,Network flows,Polynomial,"A network is a directed graph whose edges are\nlabeled with numbers indicating their carrying capacities, and two of\nwhose vertices are designated as the source and the sink. A flow on a\nnetwork is an assignment of flows to the edges such that no flow\nexceeds that edge\'s capacity, and for each vertex other than the\nsource and sink, the total inflow is equal to the total outflow. The\nnetwork flow problem is, given a network, to find the flow that maximizes\nthe total flow going from source to sink. For a network with <i>n</i>\nvertices, <i>m</i> edges, and integer capacities of maximum\nmagnitude <i>U</i>, [<a href=""#Ambainis_Spalek05"">168</a>]\ngives a quantum algorithm to find the maximal flow in time \\( O(\\min\n\\{n^{7/6} \\sqrt{m} \\ U^{1/3}, \\sqrt{nU}m\\} \\times \\log n) \\). The\nnetwork flow problem is closely related to the problem of finding a\nmaximal matching of a graph, that is, a maximal-size subset of edges\nthat connects each vertex to at most one other vertex. The paper\n[<a href=""#Ambainis_Spalek05"">168</a>] gives algorithms for finding\nmaximal matchings that run in time \\( O(n \\sqrt{m+n} \\log n) \\) if\nthe graph is bipartite, and \\( O(n^2 ( \\sqrt{m/n} + \\log n) \\log n) \\)\nin the general case. The core of these algorithms is Grover search. \nThe known upper bounds on classical complexity of the network flow and\nmatching problems are complicated to state because different classical\nalgorithms are preferable in different parameter regimes. However, in\ncertain regimes, the above quantum algorithms beat all known classical\nalgorithms. (See [<a href=""#Ambainis_Spalek05"">168</a>] for\ndetails.)",,
"mathrm(poly)( log(n), d, 1/ phi, 1/ epsilon)",,,Electrical Resistance,Exponential,"\nWe are given oracle access to a weighted graph of <i>n</i> vertices and maximum\ndegree <i>d</i> whose edge weights are to be interpreted as electrical resistances.\nOur task is to compute the resistance between a chosen pair of vertices. Wang gave\ntwo quantum algorithms in [<a href=""#Wang14"">210</a>] for this task that run in time \n\\(\\mathrm{poly}( \\log n, d, 1/\\phi, 1/\\epsilon) \\), where \\( \\phi \\) is the expansion\nof the graph, and the answer is to be given to within a factor of \\( 1+\\epsilon \\).\nKnown classical algorithms for this problem are polynomial in <i>n</i> rather than\n\\( \\log n \\). One of Wang\'s algorithms is based on a novel use of\nquantum walks. The other is based on the quantum algorithm of\n[<a href=""#HHL08"">104</a>] for solving linear systems of equations. The first quantum\nquery complexity upper bounds for the electrical resistance problem in the adjacency\nquery model are given in [<a href=""#IJ15"">280</a>] using approximate span programs.\n",,
,,,Machine Learning,Varies,"\nMaching learning encompasses a wide variety of computational problems\nand can be attacked by a wide variety of algorithmic techniques. This\nentry summarizes quantum algorithmic techniques for improved machine\nlearning. Many of the quantum algorithms here are cross-listed under\nother headings. In\n[<a href=""#LMR13"">214</a>,<a href=""#LGZ14"">222</a>,<a href=""#LMR13b"">250</a>,<a href=""#RML13"">251</a>,<a href=""#KP16"">309</a>,<a href=""#SSP16"">338</a>,<a href=""#ZFF15"">339</a>,<a href=""#KP17"">359</a>],\nquantum algorithms for solving linear systems [<a href=""#HHL08"">104</a>] are\napplied to speed up cluster-finding, principal component analysis,\nbinary classification, and various forms of regression, provided the data satisfies certain conditions. In\n[<a href=""#LGZ14"">222</a>], these quantum algorithms \nfor linear systems are applied to speed up the characterization of\npersistent homology from data sets. A cluster-finding method not based\non the linear systems algorithm of [<a href=""#HHL08"">104</a>] is given in [<a href=""#WKS15"">336</a>].\nThe papers \n[<a href=""#PL12"">192</a>,<a href=""#NDRM08"">195</a>,<a href=""#CLGOR16"">344</a>,<a href=""#AH15"">345</a>,<a href=""#BRRP16"">346</a>,<a href=""#KXBCMRA16"">347</a>,<a href=""#AARBM16"">348</a>]\nexplore the use of adiabatic optimization techniques to speed up the training of\nclassifiers. In [<a href=""#WKS14"">221</a>], a method is proposed for\ntraining Boltzmann machines by manipulating coherent quantum states\nwith amplitudes proportional to the Boltzmann weights. Polynomial speedups\ncan be obtained by applying Grover search and related techniques such as amplitude amplification to amenable\nsubroutines of state of the art classical machine learning algorithms. See,\nfor example \n[<a href=""#ABG07"">358</a>,<a href=""#ABG13"">340</a>,<a href=""#WKS16"">341</a>,<a href=""#PDMMB14"">342</a>,<a href=""#DCLT08"">343</a>].\nOther quantum machine learning algorithms not falling into one of the above categories include \n[<a href=""#YBLL14"">337</a>,<a href=""#WG17"">349</a>].\nSome limitations of quantum machine learning algorithms are nicely\nsummarized in [<a href=""#Aa15"">246</a>]. Many other\nquantum query algorithms that extract hidden structure of the\nblack-box function could be cast as machine learning algorithms. See\nfor example\n[<a href=""#Montanaro_polynomials"">146</a>,<a href=""#Childs_nonlinear"">23</a>,<a href=""#Bernstein_Vazirani"">11</a>,<a href=""#Wocjan_nonlinear"">31</a>,<a href=""#DHIS13"">212</a>]. \nQuery algorithms for learning the majority and ""battleship"" functions are\ngiven in [<a href=""#HMPPR03"">224</a>]. Large quantum advantages for\nlearning from noisy oracles are given in [<a href=""#CSS14"">236</a>,<a href=""#HR11"">237</a>].\nSeveral recent review articles \n[<a href=""#Ad15"">299</a>,<a href=""#SSP14"">332</a>,<a href=""#BWPRWL16"">333</a>]\nand a book [<a href=""#QMLbook"">331</a>] are available which summarize the state of the field.\nThere is a related body of work, not strictly within the standard setting of quantum algorithms,\nregarding quantum learning in the case that the data itself is quantum coherent. \nSee <i>e.g.</i> [<a href=""#BJ99"">350</a>,<a href=""#ABG06"">334</a>,<a href=""#DTB16"">335</a>,<a href=""#AW17"">351</a>,<a href=""#SG04"">352</a>,<a href=""#AW16"">353</a>,<a href=""#MSW16"">354</a>,<a href=""#BCDFP10"">355</a>,<a href=""#SCJ01"">356</a>,<a href=""#SC02"">357</a>].\n",,
\widetilde(O)(n \sqrt(k/\epsilon)),,,Junta Testing and Group Testing,Polynomial,"\nA function \\(f:\\{0,1\\}^n \\to \\{0,1\\}\\) is a <i>k</i>-junta if it\ndepends on at most <i>k</i> of its input bits. The <i>k</i>-junta\ntesting problem is to decide whether a given function is\na <i>k</i>-junta or is \\( \\epsilon \\)-far from\nany <i>k</i>-junta. Althoug it is not obvious, this problem is closely\nrelated to group testing. A group testing problem is defined by a\nfunction \\(f:\\{1,2,\\ldots,n\\} \\to \\{0,1\\}\\). One is given oracle\naccess to <i>F</i>, which takes as input subsets of \n\\( \\{1,2,\\ldots,n\\} \\). <i>F</i>(<i>S</i>) = 1 if there exists \\(x \\in\n    S \\) such that <i>f</i>(<i>x</i>) = 1 and \n<i>F</i>(<i>S</i>) = 0 otherwise. In [<a href=""#ABRW15"">266</a>] a\nquantum algorithm is given solving the <i>k</i>-junta problem using \n\\( \\widetilde{O}(\\sqrt{k/\\epsilon}) \\) queries and \n\\( \\widetilde{O}(n \\sqrt{k/\\epsilon}) \\) time. This is a quadratic\nspeedup over the classical complexity, and improves upon a previous\nquantum algorithm for <i>k</i>-junta testing given in\n[<a href=""#AS07"">267</a>]. A polynomial speedup for a gapped\n(<i>i.e.</i> approximation) version of group testing is also given in\n[<a href=""#ABRW15"">266</a>], improving upon the earlier results of\n[<a href=""#Ambainis_Montanaro12"">167</a>,<a href=""#B13"">268</a>].\n<hr />\n\n<a name=""BQP""></a>\n<h2>Approximation and Simulation Algorithms</h2>\n\",,
,,,Quantum Simulation,Superpolynomial,"It is believed that for any physically realistic Hamiltonian \n<i>H</i> on <i>n</i> degrees of freedom, the corresponding time evolution operator \n \\( e^{-i H t} \\) can be implemented using poly(<i>n,t</i>) gates. Unless BPP=BQP,\n this problem is not solvable in general on a classical computer in polynomial time.\n Many techniques for quantum simulation have been developed for\n general classes of Hamiltonians\n [<a href=""#Childs_thesis"">25</a>,<a href=""#Zalka_sim"">95</a>,<a href=""#Wiesner_sim"">92</a>,<a href=""#Aharonov_Tashma"">5</a>,<a href=""#Cleve_sim"">12</a>,<a href=""#Childs_Wiebe12"">170</a>,<a href=""#BCS13"">205</a>,<a href=""#BCCKS14"">211</a>,<a href=""#BCCKS14b"">244</a>,<a href=""#BCK15"">245</a>,<a href=""#Som15"">278</a>,<a href=""#Som15"">293</a>,<a href=""#LC16"">294</a>,<a href=""#BN16"">295</a>,<a href=""#BT97"">372</a>,<a href=""#LC16b"">382</a>],\n chemical dynamics\n [<a href=""#Kassal_sim"">63</a>,<a href=""#Lidar_sim"">68</a>,<a href=""#HWBT15"">227</a>,<a href=""#RWSWT16"">310</a>,<a href=""#SW17"">375</a>], condensed\n matter physics\n [<a href=""#Abrams_sim"">1</a>,<a href=""#Wu_sim"">99</a>, <a href=""#Ortiz"">145</a>], relativistic quantum mechanics (the Dirac and Klein-Gordon equations) [<a href=""#AW16"">367</a>,<a href=""#CJO17"">369</a>,<a href=""#Yepez11"">370</a>,<a href=""Yepez13"">371</a>],\n open quantum systems [<a href=""#CW16"">376</a>, <a href=""#KBGKE11"">377</a>,<a href=""#CL16"">378</a>,<a href=""#DPCSC15"">379</a>], \n and quantum field theory\n [<a href=""#Byrnes"">107</a>,<a href=""#JLP12"">166</a>,<a href=""#JLP14a"">228</a>,<a href=""#JLP14b"">229</a>,<a href=""#BRSS14"">230</a>,<a href=""#MJ17"">368</a>].\n The exponential complexity of classically simulating quantum systems led Feynman to \n first propose that quantum computers might outperform classical computers on certain tasks \n[<a href=""#Feynman"">40</a>]. Although the problem of finding ground energies of local \n Hamiltonians is QMA-complete and therefore probably requires exponential time on a quantum \n computer in the worst case, quantum algorithms have been developed to approximate ground \n[<a href=""#Aspuru_science"">102</a>,<a href=""#WKAH08"">231</a>,<a href=""#KA09"">232</a>,<a href=""#WBA11"">233</a>,<a href=""#TL13"">234</a>,<a href=""#W13"">235</a>,<a href=""#FKT16"">308</a>,<a href=""#SA15"">321</a>,<a href=""#SCV13"">322</a>,<a href=""#BBK17"">380</a>,<a href=""#PKS17"">381</a>] \nand thermal [<a href=""#Metropolis"">132</a>,<a href=""#Poulin_Wocjan"">121</a>,<a href=""#RGE12"">281</a>,<a href=""#KB16"">282</a>,<a href=""#CS16"">307</a>] \nstates for some classes of Hamiltonians. Efficient quantum algorithms have been also obtained for preparing certain classes of tensor network states \n[<a href=""#SSVCW05"">323</a>,<a href=""#SHWCS07"">324</a>,<a href=""#GMC16"">325</a>,<a href=""#STV12"">326</a>,<a href=""#SCTVP13"">327</a>,<a href=""#SBE16"">328</a>].\n",,
,,,Knot Invariants,Superpolynomial,"As shown by \nFreedman [<a href=""#Freedman"">42</a>,\n<a href=""#Freedman2"">41</a>], <i>et al.</i>, finding a certain additive approximation to the Jones\n polynomial of the plat closure of a braid at \\( e^{i 2 \\pi/5} \\) is a BQP-complete problem. This \n result was reformulated and extended to \\( e^{i 2 \\pi/k} \\) for arbitrary <i>k</i> by Aharonov \n <i>et al.</i> [<a href=""#Aharonov1"">4</a>,<a href=""#Aharonov2"">2</a>]. Wocjan and Yard further\n generalized this, obtaining a  quantum algorithm to estimate the HOMFLY polynomial \n [<a href=""#Wocjan"">93</a>], of which the Jones polynomial is a special case. Aharonov \n <i>et al.</i> subsequently showed that quantum computers can in polynomial time estimate a\n certain additive approximation to the even more general Tutte polynomial for planar \n graphs [<a href=""#Aharonov3"">3</a>]. It is not fully understood for what range of parameters \n the approximation obtained in [<a href=""#Aharonov3"">3</a>] is BQP-hard. (See also <a href=""#part_func"">partition \n functions</a>.) Polynomial-time quantum algorithms have also been\n discovered for additively approximating link invariants arising from\n quantum doubles of finite groups\n [<a href=""#Krovi_Russell12"">174</a>]. (This problem is not known to\n be BQP-hard.) As shown in [<a href=""#Shor_Jordan"">83</a>], the\n problem of finding a certain additive approximation to the Jones\n polynomial of the <em>trace</em> closure of a braid at  \\( e^{i 2 \\pi/5} \\) is\n DQC1-complete.\n",,
,,,Three-manifold Invariants,Superpolynomial,"The Turaev-Viro invariant is a function that takes\n three-dimensional manifolds as input and produces a real number as output. Homeomorphic\n manifolds yield the same number. Given a three-manifold specified by a Heegaard splitting,\n a quantum computer can efficiently find a certain additive approximation to its\n Turaev-Viro invariant, and this approximation is BQP-complete [<a href=""#AJKR"">129</a>].\n Earlier, in [<a href=""#Garnerone"">114</a>], a polynomial-time quantum algorithm was given\n to additively approximate the Witten-Reshitikhin-Turaev (WRT) invariant of a manifold\n given by a surgery presentation. Squaring the WRT invariant yields the Turaev-Viro\n invariant. However, it is unknown whether the approximation achieved in \n [<a href=""#Garnerone"">114</a>] is BQP-complete. A suggestion of a possible link between\n quantum computation and three-manifold invariants was also given in \n [<a href=""#Kauffman"">115</a>].\n",,
,,,Partition Functions,/b> Partition Functions,"For a classical system with a finite set of states <i>S</i> the\n partition function is \\( Z = \\sum_{s \\in S} e^{-E(s)/kT} \\), where <i>T</i> is the\n temperature and <i>k</i> is Boltzmann\'s constant. Essentially every thermodynamic \n quantity can be calculated by taking an appropriate partial derivative of the partition\n function. The partition function of the Potts model is a special case of the Tutte\n polynomial. A quantum algorithm for approximating the Tutte polynomial is given in \n [<a href=""#Aharonov3"">3</a>]. Some connections between these approaches are  discussed\n in [<a href=""#Lidar_Ising"">67</a>]. Additional algorithms for estimating partition\n functions on quantum computers are given in [<a href=""#Arad_Landau"">112</a>,<a href=""#VdN"">113</a>,<a href=""#Geraci_QWGT1"">45</a>,<a href=""#Geraci_exact"">47</a>]. \n A BQP-completeness result (where the ""energies"" are allowed to be complex) is also given in \n [<a href=""#VdN"">113</a>]. A method for approximating partition functions by simulating \n thermalization processes is given in [<a href=""#Poulin_Wocjan"">121</a>]. A quadratic speedup\n for the approximation of general partition functions is given in\n [<a href=""#WCAN"">122</a>]. A method based on quantum walks, achieving\n polynomial speedup for evaluating partition functions is given in\n [<a href=""#M15b"">265</a>].\n",,
O( sqrt(N)),,,Adiabatic Algorithms,/b> Adiabatic Algorithms,"In adiabatic quantum computation one starts with\n an initial Hamiltonian whose ground state is easy to prepare, and\n slowly varies the Hamiltonian to one whose ground state encodes the\n solution to some computational problem. By the adiabatic theorem, the\n system will track the instantaneous ground state provided the\n variation of the Hamiltonian is sufficiently slow. The runtime of an\n adiabatic algorithm scales at worst as \\(1/ \\gamma^3 \\) where \\( \\gamma \\)\n is the minimum eigenvalue gap between the ground state\n and the first excited state [<a href=""#JRS06"">185</a>]. If the\n Hamiltonian is varied sufficiently smoothly, one can improve this to\n \\( \\widetilde{O}(1/\\gamma^2) \\) [<a href=""#EH12"">247</a>]. Adiabatic\n quantum computation was first proposed by Farhi <i>et al.</i> as a\n method for solving NP-complete combinatorial optimization problems\n [<a href=""#Farhi_adiabatic"">96</a>, <a href=""#FGGLLP01"">186</a>]. Adiabatic quantum algorithms for\n optimization problems typically use ""stoquastic"" Hamiltonians, which\n do not suffer from the sign problem. Such algorithms are sometimes\n referred to as quantum annealing. Adiabatic quantum computation with\n non-stoquastic Hamiltonians is as powerful as the quantum circuit \n model [<a href=""#Aharonov_adiabatic"">97</a>]. Adiabatic algorithms\n using stoquastic Hamiltonians are probably less powerful\n [<a href=""#BDOT06"">183</a>], but may be nevertheless more powerful\n than classical computation. The asymptotic runtime of adiabatic\n optimization algorithms is notoriously difficult to analyze, but some\n progress has been achieved\n [<a href=""#AKR09"">179</a>,<a href=""#R04"">180</a>,<a href=""#FGG02"">181</a>,<a href=""#FGGGMS09"">182</a>,<a href=""#FGGN05"">187</a>,<a href=""#FGGS10"">188</a>,<a href=""#FGG02B"">189</a>,<a href=""#vDMV01"">190</a>,<a href=""#FGHSSYZ12"">191</a>,<a href=""#IM08"">226</a>]. (Also\n relevant is an earlier literature on quantum annealing, which\n originally referred to a classical optimization algorithm that works by \n simulating a quantum process, much as simulated annealing is a\n classical optimization algorithm that works by simulating a thermal\n process. See <em>e.g.</em>\n [<a href=""#FGSSD94"">199</a>, <a href=""#MN08"">198</a>].) Adiabatic quantum\n computers can perform a process somewhat analogous\n to Grover search in \\( O(\\sqrt{N}) \\) time\n [<a href=""#Roland_Cerf"">98</a>]. Adiabatic quantum algorithms\n achieving quadratic speedup for a more general class of problems are\n constructed in [<a href=""#SB12"">184</a>] by adapting techniques from\n [<a href=""#Szegedy"">85</a>]. Adiabatic quantum algorithms have been\n proposed for several specific problems, including PageRank\n [<a href=""#GZL12"">176</a>], machine learning\n [<a href=""#PL12"">192</a>, <a href=""#NDRM08"">195</a>],\n and graph problems [<a href=""#GC11"">193</a>, <a href=""#GC13"">194</a>].\n Some quantum simulation algorithms also use adiabatic state\n preparation.\n",,
,,,Quantum Approximate Optimization,/b> Quantum Approximate Optimization,"For many combinatorial optimization problems,\nfinding the exact optimal solution is NP-complete. There are also hardness-of-approximation\nresults proving that finding an approximation with sufficiently\nsmall error bound is NP-complete. For certain problems there is a gap\nbetween the best error bound achieved by a polynomial-time classical\napproximation algorithm and the error bound proven to be NP-hard. In\nthis regime there is potential for exponential speedup by quantum\ncomputation. In [<a href=""#FGG14a"">242</a>] a new quantum algorithmic\ntechnique called the Quantum Approximate Optimization Algorithm (QAOA) \nwas proposed for finding approximate solutions to\ncombinatorial optimization problems. In [<a href=""#FGG14b"">243</a>] it\nwas subsequently shown that QAOA solves a combinatorial\noptimization problem called Max E3LIN2 with a better approximation\nratio than any polynomial-time classical algorithm known at the\ntime. However, an efficient classical algorithm achieving an even\nbetter approximation ratio (in fact, the approximation ratio\nsaturating the limit set by hardness-of-approximation) was\nsubsequently discovered [<a href=""#BMO15"">260</a>]. Presently, the power of\nQAOA relative to classical computing is an active area of research \n[<a href=""#LZ16"">300</a>, <a href=""#WHT16"">301</a>, <a href=""#FH16"">302</a>, \n<a href=""#Chamon"">314</a>].\n",,
,,,Semidefinite Programming,/b> Semidefinite Programming,"Given a list of <i>m</i> + 1 Hermitian \\(n \\times n \\)\nmatrices \\(C, A_1, A_2, \\ldots, A_m\\) and <i>m</i> numbers \n\\(b_1, \\ldots, b_m \\), the problem of semidefinite programming is to\nfind the positive semidefinite \\( n \\times n \\)\nmatrix <i>X</i> that maximizes tr(<i>CX</i>) subject to the\nconstraints \\( \\mathrm{tr} (A_j X) \\leq b_j \\) for \\( j = 1,2,\\ldots,\nm \\). Semidefinite programming has many applications in operations\nresearch, combinatorial optimization, and quantum information, and it\nincludes linear programming as a special case. Improving upon\n[<a href=""#BS16"">313</a>], a quantum algorithm is given in [<a href=""#BKL17"">383</a>]\nthat approximately solves semidefinite programs to within \\( \\pm \\epsilon \\) in time \n\\( O (\\sqrt{m} \\log m \\cdot \\mathrm{poly}(\\log n, r, \\epsilon^{-1})) \\), where <i>r</i> is the rank of the semidefinite program. This constitutes a\nquadratic speedup over the fastest classical algorithms when <i>r</i> is small compared to <i>n</i>. The quantum algorithm is based on amplitude amplification and quantum Gibbs sampling\n[<a href=""#Poulin_Wocjan"">121</a>, <a href=""#CS16"">307</a>].\n",,
,,,Zeta Functions,Superpolynomial,"Let  <i>f</i>(<i>x</i>,<i>y</i>) be a degree-<i>d</i>\npolynomial over a finite field \\( \\mathbb{F}_p \\). Let \\( N_r \\) be\nthe number of projective solutions to <i>f</i>(<i>x</i>,<i>y</i> = 0 over the\nextension field \\( \\mathbb{F}_{p^r} \\). The zeta function for <i>f</i>\nis defined to be \\( Z_f(T) = \\exp \\left( \\sum_{r=1}^\\infty\n\\frac{N_r}{r} T^r \\right) \\). Remarkably, \\( Z_f(T) \\) always has the\nform \\( Z_f(T) = \\frac{Q_f(T)}{(1-pT)(1-T)} \\) where \\( Q_f(T) \\) is a\npolynomial of degree 2<i>g</i> and \\(g = \\frac{1}{2} (d-1)(d-2) \\) is\ncalled the genus of <i>f</i>. Given \\( Z_f(T) \\) one can easily\ncompute the number of zeros of <i>f</i> over any extension field \\(\n\\mathbb{F}_{p^r} \\). One can similarly define the zeta function\nwhen the original field over which <i>f</i> is defined does not have\nprime order. As shown by Kedlaya [<a href=""#Kedlaya"">64</a>],\nquantum computers can determine the zeta function of a genus <i>g</i>\ncurve over a finite field \\( \\mathbb{F}_{p^r} \\) in \n\\( \\mathrm{poly}(\\log p, r, g) \\) time. The fastest known classical algorithms\nare all exponential in either log(<i>p</i>) or <i>g</i>. In a\ndiffent, but somewhat related contex, van Dam has conjectured that due\nto a connection between the zeros of <em>Riemann</em> zeta functions\nand the eigenvalues of certain quantum operators, quantum computers\nmight be able to efficiently approximate the number of solutions to\nequations over finite fields [<a href=""#vanDam_zeros"">87</a>].\n",,
,,,Weight Enumerators,Superpolynomial,"Let <i>C</i> be a code on <i>n</i> bits, <i>i.e.</i> a subset of \n \\( \\mathbb{Z}_2^n \\). The weight enumerator of <i>C</i> is \n \\( S_C(x,y) = \\sum_{c \\in C} x^{|c|} y^{n-|c|} \\) where \n |<i>c</i>| denotes the Hamming weight of <i>c</i>. Weight enumerators have many\n uses in the study of classical codes. If <i>C</i> is a linear code, it can be defined by\n \\( C = \\{c: Ac = 0\\} \\) where <i>A</i> is a matrix over \\( \\mathbb{Z}_2 \\)\n In this case \\( S_C(x,y) = \\sum_{c:Ac=0} x^{|c|} y^{n-|c|} \\). Quadratically signed\n weight enumerators (QWGTs) are a generalization of this: \n \\( S(A,B,x,y) = \\sum_{c:Ac=0} (-1)^{c^T B c} x^{|c|} y^{n-|c|} \\). Now consider the\n following special case. Let <i>A</i> be an \\( n \\times n \\) matrix over \\( \\mathbb{Z}_2 \\)\n such that diag(<i>A</i>)=I. Let lwtr(<i>A</i>) be the lower triangular matrix resulting\n from setting all entries above the diagonal in <i>A</i> to zero. Let <i>l,k</i> be positive\n integers. Given the promise that \n \\( |S(A,\\mathrm{lwtr}(A),k,l)| \\geq \\frac{1}{2} (k^2+l^2)^{n/2} \\)\n the problem of determining the sign of \\( S(A,\\mathrm{lwtr}(A),k,l) \\) is  BQP-complete,\n as shown by Knill and Laflamme in [<a href=""#Knill_QWGT"">65</a>]. The evaluation of QWGTs is\n also closely related to the evaluation of Ising and Potts model partition functions \n [<a href=""#Lidar_Ising"">67</a>,<a href=""#Geraci_QWGT1"">45</a>,<a href=""#Geraci_QWGT2"">46</a>].\n",,
,,,Simulated Annealing,Polynomial,"In simulated annealing, one has a series of Markov chains defined by\n stochastic matrices \\( M_1, M_2,\\ldots,M_n \\). These are slowly varying in the sense that\n their limiting distributions \\( pi_1, \\pi_2, \\ldots, \\pi_n \\) satisfy\n \\( |\\pi_{t+1} -\\pi_t| \\lt \\epsilon \\) for some small \\( \\epsilon \\).\n These distributions can often be thought of as thermal distributions at successively lower\n temperatures. If \\( \\pi_1 \\) can be easily prepared, then by applying this\n series of Markov chains one can sample from \\( \\pi_n \\). Typically, one wishes for\n \\( \\pi_n \\) to be a distribution over good solutions to some optimization problem. Let \n \\( \\delta_i \\) be the gap between the largest and second largest eigenvalues of\n \\( M_i \\). Let \\( \\delta = \\min_i \\delta_i \\). The run time of this classical algorithm\n is proportional to \\(  1/\\delta \\). Building upon results of Szegedy \n [<a href=""#Szegedy_arxiv"">135</a>,<a href=""#Szegedy"">85</a>], Somma <i>et al.</i> have \n shown [<a href=""#Somma"">84</a>, <a href=""#SBBK08"">177</a>] that\n quantum computers can sample from \\( \\pi_n \\) with a runtime\n proportional to \\( 1/\\sqrt{\\delta} \\). Additional methods by which\n classical Markov chain Monte Carlo algorithms can be sped up using\n quantum walks are given in [<a href=""#M15b"">265</a>].\n",,
,,,String Rewriting,Superpolynomial,"String rewriting is a fairly general model of computation. String\n rewriting systems (sometimes called grammars) are specified by a list of rules by which\n certain substrings are allowed to be replaced by certain other substrings. For example,\n context free grammars, are equivalent to the pushdown automata. In\n [<a href=""#Wocjan_strings"">59</a>], Janzing and Wocjan showed that a certain string\n rewriting problem is PromiseBQP-complete. Thus quantum computers can solve it in\n polynomial time, but classical computers probably cannot. Given three strings\n <i>s,t,t\'</i>, and a set of string rewriting rules satisfying certain promises, the\n problem is to find a certain approximation to the difference between the number of\n ways of obtaining <i>t</i> from <i>s</i> and the number of ways of obtaining <i>t\'</i>\n from <i>s</i>. Similarly, certain problems of approximating the difference in number of\n paths between pairs of vertices in a graph, and difference in transition probabilities\n between pairs of states in a random walk are also BQP-complete\n [<a href=""#Wocjan_walks"">58</a>].\n",,
,,,Matrix Powers,Superpolynomial,"Quantum computers have an exponential advantage in approximating\n matrix elements of powers of exponentially large sparse matrices. Suppose we are have\n an \\( N \\times N \\) symmetric matrix <i>A</i> such that there are at most polylog(<i>N</i>)\n nonzero entries in each row, and given a row index, the set of nonzero entries can be\n efficiently computed. The task is, for any 1 &lt; <i>i</i> &lt; <i>N</i>, and any <i>m</i>\n polylogarithmic in <i>N</i>, to approximate \\( (A^m)_{ii} \\) the \\( i^{\\mathrm{th}} \\)\n diagonal matrix element of \\( A^m \\). The approximation is additive to within\n \\( b^m \\epsilon \\) where <i>b</i> is a given upper bound on |<i>A</i>| and \\( \\epsilon \\)\n is of order 1/polylog(<i>N</i>). As shown by Janzing and Wocjan, this problem is\n PromiseBQP-complete, as is the corresponding problem for off-diagonal matrix elements\n [<a href=""#Wocjan_matrix"">60</a>]. Thus, quantum computers can solve it in polynomial\n time, but classical computers probably cannot.\n",,
